filename,fold,target,category,esc10,src_file,take,original_category,processed_path,processed
1-100032-A-0.wav,1,2,dog_bark,True,100032,A,dog,C:\Users\hsynt\Desktop\YapayZekaDers\Çevresel_Ses_Analizi\hearalert\processed\audio_clips\dog_bark_0000.wav,True
1-110389-A-0.wav,1,2,dog_bark,True,110389,A,dog,C:\Users\hsynt\Desktop\YapayZekaDers\Çevresel_Ses_Analizi\hearalert\processed\audio_clips\dog_bark_0001.wav,True
1-13613-A-37.wav,1,0,alarm_clock,False,13613,A,clock_alarm,C:\Users\hsynt\Desktop\YapayZekaDers\Çevresel_Ses_Analizi\hearalert\processed\audio_clips\alarm_clock_0002.wav,True
1-14262-A-37.wav,1,0,alarm_clock,False,14262,A,clock_alarm,C:\Users\hsynt\Desktop\YapayZekaDers\Çevresel_Ses_Analizi\hearalert\processed\audio_clips\alarm_clock_0003.wav,True
1-187207-A-20.wav,1,1,crying_baby,True,187207,A,crying_baby,C:\Users\hsynt\Desktop\YapayZekaDers\Çevresel_Ses_Analizi\hearalert\processed\audio_clips\crying_baby_0004.wav,True
1-20133-A-39.wav,1,3,glass_breaking,False,20133,A,glass_breaking,C:\Users\hsynt\Desktop\YapayZekaDers\Çevresel_Ses_Analizi\hearalert\processed\audio_clips\glass_breaking_0005.wav,True
1-211527-A-20.wav,1,1,crying_baby,True,211527,A,crying_baby,C:\Users\hsynt\Desktop\YapayZekaDers\Çevresel_Ses_Analizi\hearalert\processed\audio_clips\crying_baby_0006.wav,True
1-211527-B-20.wav,1,1,crying_baby,True,211527,B,crying_baby,C:\Users\hsynt\Desktop\YapayZekaDers\Çevresel_Ses_Analizi\hearalert\processed\audio_clips\crying_baby_0007.wav,True
1-211527-C-20.wav,1,1,crying_baby,True,211527,C,crying_baby,C:\Users\hsynt\Desktop\YapayZekaDers\Çevresel_Ses_Analizi\hearalert\processed\audio_clips\crying_baby_0008.wav,True
1-22694-A-20.wav,1,1,crying_baby,True,22694,A,crying_baby,C:\Users\hsynt\Desktop\YapayZekaDers\Çevresel_Ses_Analizi\hearalert\processed\audio_clips\crying_baby_0009.wav,True
1-22694-B-20.wav,1,1,crying_baby,True,22694,B,crying_baby,C:\Users\hsynt\Desktop\YapayZekaDers\Çevresel_Ses_Analizi\hearalert\processed\audio_clips\crying_baby_0010.wav,True
1-30226-A-0.wav,1,2,dog_bark,True,30226,A,dog,C:\Users\hsynt\Desktop\YapayZekaDers\Çevresel_Ses_Analizi\hearalert\processed\audio_clips\dog_bark_0011.wav,True
1-30344-A-0.wav,1,2,dog_bark,True,30344,A,dog,C:\Users\hsynt\Desktop\YapayZekaDers\Çevresel_Ses_Analizi\hearalert\processed\audio_clips\dog_bark_0012.wav,True
1-31482-A-42.wav,1,4,siren,False,31482,A,siren,C:\Users\hsynt\Desktop\YapayZekaDers\Çevresel_Ses_Analizi\hearalert\processed\audio_clips\siren_0013.wav,True
1-31482-B-42.wav,1,4,siren,False,31482,B,siren,C:\Users\hsynt\Desktop\YapayZekaDers\Çevresel_Ses_Analizi\hearalert\processed\audio_clips\siren_0014.wav,True
1-32318-A-0.wav,1,2,dog_bark,True,32318,A,dog,C:\Users\hsynt\Desktop\YapayZekaDers\Çevresel_Ses_Analizi\hearalert\processed\audio_clips\dog_bark_0015.wav,True
1-34853-A-37.wav,1,0,alarm_clock,False,34853,A,clock_alarm,C:\Users\hsynt\Desktop\YapayZekaDers\Çevresel_Ses_Analizi\hearalert\processed\audio_clips\alarm_clock_0016.wav,True
1-54084-A-42.wav,1,4,siren,False,54084,A,siren,C:\Users\hsynt\Desktop\YapayZekaDers\Çevresel_Ses_Analizi\hearalert\processed\audio_clips\siren_0017.wav,True
1-59513-A-0.wav,1,2,dog_bark,True,59513,A,dog,C:\Users\hsynt\Desktop\YapayZekaDers\Çevresel_Ses_Analizi\hearalert\processed\audio_clips\dog_bark_0018.wav,True
1-60997-A-20.wav,1,1,crying_baby,True,60997,A,crying_baby,C:\Users\hsynt\Desktop\YapayZekaDers\Çevresel_Ses_Analizi\hearalert\processed\audio_clips\crying_baby_0019.wav,True
1-60997-B-20.wav,1,1,crying_baby,True,60997,B,crying_baby,C:\Users\hsynt\Desktop\YapayZekaDers\Çevresel_Ses_Analizi\hearalert\processed\audio_clips\crying_baby_0020.wav,True
1-67033-A-37.wav,1,0,alarm_clock,False,67033,A,clock_alarm,C:\Users\hsynt\Desktop\YapayZekaDers\Çevresel_Ses_Analizi\hearalert\processed\audio_clips\alarm_clock_0021.wav,True
1-72195-A-37.wav,1,0,alarm_clock,False,72195,A,clock_alarm,C:\Users\hsynt\Desktop\YapayZekaDers\Çevresel_Ses_Analizi\hearalert\processed\audio_clips\alarm_clock_0022.wav,True
1-72195-B-37.wav,1,0,alarm_clock,False,72195,B,clock_alarm,C:\Users\hsynt\Desktop\YapayZekaDers\Çevresel_Ses_Analizi\hearalert\processed\audio_clips\alarm_clock_0023.wav,True
1-74517-A-37.wav,1,0,alarm_clock,False,74517,A,clock_alarm,C:\Users\hsynt\Desktop\YapayZekaDers\Çevresel_Ses_Analizi\hearalert\processed\audio_clips\alarm_clock_0024.wav,True
1-76831-A-42.wav,1,4,siren,False,76831,A,siren,C:\Users\hsynt\Desktop\YapayZekaDers\Çevresel_Ses_Analizi\hearalert\processed\audio_clips\siren_0025.wav,True
1-76831-B-42.wav,1,4,siren,False,76831,B,siren,C:\Users\hsynt\Desktop\YapayZekaDers\Çevresel_Ses_Analizi\hearalert\processed\audio_clips\siren_0026.wav,True
1-76831-C-42.wav,1,4,siren,False,76831,C,siren,C:\Users\hsynt\Desktop\YapayZekaDers\Çevresel_Ses_Analizi\hearalert\processed\audio_clips\siren_0027.wav,True
1-76831-D-42.wav,1,4,siren,False,76831,D,siren,C:\Users\hsynt\Desktop\YapayZekaDers\Çevresel_Ses_Analizi\hearalert\processed\audio_clips\siren_0028.wav,True
1-76831-E-42.wav,1,4,siren,False,76831,E,siren,C:\Users\hsynt\Desktop\YapayZekaDers\Çevresel_Ses_Analizi\hearalert\processed\audio_clips\siren_0029.wav,True
1-84536-A-39.wav,1,3,glass_breaking,False,84536,A,glass_breaking,C:\Users\hsynt\Desktop\YapayZekaDers\Çevresel_Ses_Analizi\hearalert\processed\audio_clips\glass_breaking_0030.wav,True
1-84704-A-39.wav,1,3,glass_breaking,False,84704,A,glass_breaking,C:\Users\hsynt\Desktop\YapayZekaDers\Çevresel_Ses_Analizi\hearalert\processed\audio_clips\glass_breaking_0031.wav,True
1-84705-A-39.wav,1,3,glass_breaking,False,84705,A,glass_breaking,C:\Users\hsynt\Desktop\YapayZekaDers\Çevresel_Ses_Analizi\hearalert\processed\audio_clips\glass_breaking_0032.wav,True
1-85168-A-39.wav,1,3,glass_breaking,False,85168,A,glass_breaking,C:\Users\hsynt\Desktop\YapayZekaDers\Çevresel_Ses_Analizi\hearalert\processed\audio_clips\glass_breaking_0033.wav,True
1-85184-A-39.wav,1,3,glass_breaking,False,85184,A,glass_breaking,C:\Users\hsynt\Desktop\YapayZekaDers\Çevresel_Ses_Analizi\hearalert\processed\audio_clips\glass_breaking_0034.wav,True
1-85362-A-0.wav,1,2,dog_bark,True,85362,A,dog,C:\Users\hsynt\Desktop\YapayZekaDers\Çevresel_Ses_Analizi\hearalert\processed\audio_clips\dog_bark_0035.wav,True
1-88807-A-39.wav,1,3,glass_breaking,False,88807,A,glass_breaking,C:\Users\hsynt\Desktop\YapayZekaDers\Çevresel_Ses_Analizi\hearalert\processed\audio_clips\glass_breaking_0036.wav,True
1-96890-A-37.wav,1,0,alarm_clock,False,96890,A,clock_alarm,C:\Users\hsynt\Desktop\YapayZekaDers\Çevresel_Ses_Analizi\hearalert\processed\audio_clips\alarm_clock_0037.wav,True
1-97392-A-0.wav,1,2,dog_bark,True,97392,A,dog,C:\Users\hsynt\Desktop\YapayZekaDers\Çevresel_Ses_Analizi\hearalert\processed\audio_clips\dog_bark_0038.wav,True
1-977-A-39.wav,1,3,glass_breaking,False,977,A,glass_breaking,C:\Users\hsynt\Desktop\YapayZekaDers\Çevresel_Ses_Analizi\hearalert\processed\audio_clips\glass_breaking_0039.wav,True
2-102435-A-37.wav,2,0,alarm_clock,False,102435,A,clock_alarm,C:\Users\hsynt\Desktop\YapayZekaDers\Çevresel_Ses_Analizi\hearalert\processed\audio_clips\alarm_clock_0040.wav,True
2-104475-A-37.wav,2,0,alarm_clock,False,104475,A,clock_alarm,C:\Users\hsynt\Desktop\YapayZekaDers\Çevresel_Ses_Analizi\hearalert\processed\audio_clips\alarm_clock_0041.wav,True
2-104476-A-37.wav,2,0,alarm_clock,False,104476,A,clock_alarm,C:\Users\hsynt\Desktop\YapayZekaDers\Çevresel_Ses_Analizi\hearalert\processed\audio_clips\alarm_clock_0042.wav,True
2-106881-A-39.wav,2,3,glass_breaking,False,106881,A,glass_breaking,C:\Users\hsynt\Desktop\YapayZekaDers\Çevresel_Ses_Analizi\hearalert\processed\audio_clips\glass_breaking_0043.wav,True
2-107351-A-20.wav,2,1,crying_baby,True,107351,A,crying_baby,C:\Users\hsynt\Desktop\YapayZekaDers\Çevresel_Ses_Analizi\hearalert\processed\audio_clips\crying_baby_0044.wav,True
2-107351-B-20.wav,2,1,crying_baby,True,107351,B,crying_baby,C:\Users\hsynt\Desktop\YapayZekaDers\Çevresel_Ses_Analizi\hearalert\processed\audio_clips\crying_baby_0045.wav,True
2-112213-A-39.wav,2,3,glass_breaking,False,112213,A,glass_breaking,C:\Users\hsynt\Desktop\YapayZekaDers\Çevresel_Ses_Analizi\hearalert\processed\audio_clips\glass_breaking_0046.wav,True
2-112213-B-39.wav,2,3,glass_breaking,False,112213,B,glass_breaking,C:\Users\hsynt\Desktop\YapayZekaDers\Çevresel_Ses_Analizi\hearalert\processed\audio_clips\glass_breaking_0047.wav,True
2-114280-A-0.wav,2,2,dog_bark,True,114280,A,dog,C:\Users\hsynt\Desktop\YapayZekaDers\Çevresel_Ses_Analizi\hearalert\processed\audio_clips\dog_bark_0048.wav,True
2-114587-A-0.wav,2,2,dog_bark,True,114587,A,dog,C:\Users\hsynt\Desktop\YapayZekaDers\Çevresel_Ses_Analizi\hearalert\processed\audio_clips\dog_bark_0049.wav,True
2-116400-A-0.wav,2,2,dog_bark,True,116400,A,dog,C:\Users\hsynt\Desktop\YapayZekaDers\Çevresel_Ses_Analizi\hearalert\processed\audio_clips\dog_bark_0050.wav,True
2-117116-A-37.wav,2,0,alarm_clock,False,117116,A,clock_alarm,C:\Users\hsynt\Desktop\YapayZekaDers\Çevresel_Ses_Analizi\hearalert\processed\audio_clips\alarm_clock_0051.wav,True
2-117271-A-0.wav,2,2,dog_bark,True,117271,A,dog,C:\Users\hsynt\Desktop\YapayZekaDers\Çevresel_Ses_Analizi\hearalert\processed\audio_clips\dog_bark_0052.wav,True
2-118072-A-0.wav,2,2,dog_bark,True,118072,A,dog,C:\Users\hsynt\Desktop\YapayZekaDers\Çevresel_Ses_Analizi\hearalert\processed\audio_clips\dog_bark_0053.wav,True
2-118964-A-0.wav,2,2,dog_bark,True,118964,A,dog,C:\Users\hsynt\Desktop\YapayZekaDers\Çevresel_Ses_Analizi\hearalert\processed\audio_clips\dog_bark_0054.wav,True
2-122104-A-0.wav,2,2,dog_bark,True,122104,A,dog,C:\Users\hsynt\Desktop\YapayZekaDers\Çevresel_Ses_Analizi\hearalert\processed\audio_clips\dog_bark_0055.wav,True
2-122104-B-0.wav,2,2,dog_bark,True,122104,B,dog,C:\Users\hsynt\Desktop\YapayZekaDers\Çevresel_Ses_Analizi\hearalert\processed\audio_clips\dog_bark_0056.wav,True
2-141563-A-39.wav,2,3,glass_breaking,False,141563,A,glass_breaking,C:\Users\hsynt\Desktop\YapayZekaDers\Çevresel_Ses_Analizi\hearalert\processed\audio_clips\glass_breaking_0057.wav,True
2-151079-A-20.wav,2,1,crying_baby,True,151079,A,crying_baby,C:\Users\hsynt\Desktop\YapayZekaDers\Çevresel_Ses_Analizi\hearalert\processed\audio_clips\crying_baby_0058.wav,True
2-173559-A-39.wav,2,3,glass_breaking,False,173559,A,glass_breaking,C:\Users\hsynt\Desktop\YapayZekaDers\Çevresel_Ses_Analizi\hearalert\processed\audio_clips\glass_breaking_0059.wav,True
2-173607-A-39.wav,2,3,glass_breaking,False,173607,A,glass_breaking,C:\Users\hsynt\Desktop\YapayZekaDers\Çevresel_Ses_Analizi\hearalert\processed\audio_clips\glass_breaking_0060.wav,True
2-173618-A-39.wav,2,3,glass_breaking,False,173618,A,glass_breaking,C:\Users\hsynt\Desktop\YapayZekaDers\Çevresel_Ses_Analizi\hearalert\processed\audio_clips\glass_breaking_0061.wav,True
2-250710-A-39.wav,2,3,glass_breaking,False,250710,A,glass_breaking,C:\Users\hsynt\Desktop\YapayZekaDers\Çevresel_Ses_Analizi\hearalert\processed\audio_clips\glass_breaking_0062.wav,True
2-43802-A-42.wav,2,4,siren,False,43802,A,siren,C:\Users\hsynt\Desktop\YapayZekaDers\Çevresel_Ses_Analizi\hearalert\processed\audio_clips\siren_0063.wav,True
2-43806-A-42.wav,2,4,siren,False,43806,A,siren,C:\Users\hsynt\Desktop\YapayZekaDers\Çevresel_Ses_Analizi\hearalert\processed\audio_clips\siren_0064.wav,True
2-50665-A-20.wav,2,1,crying_baby,True,50665,A,crying_baby,C:\Users\hsynt\Desktop\YapayZekaDers\Çevresel_Ses_Analizi\hearalert\processed\audio_clips\crying_baby_0065.wav,True
2-50666-A-20.wav,2,1,crying_baby,True,50666,A,crying_baby,C:\Users\hsynt\Desktop\YapayZekaDers\Çevresel_Ses_Analizi\hearalert\processed\audio_clips\crying_baby_0066.wav,True
2-66637-A-20.wav,2,1,crying_baby,True,66637,A,crying_baby,C:\Users\hsynt\Desktop\YapayZekaDers\Çevresel_Ses_Analizi\hearalert\processed\audio_clips\crying_baby_0067.wav,True
2-66637-B-20.wav,2,1,crying_baby,True,66637,B,crying_baby,C:\Users\hsynt\Desktop\YapayZekaDers\Çevresel_Ses_Analizi\hearalert\processed\audio_clips\crying_baby_0068.wav,True
2-70052-A-42.wav,2,4,siren,False,70052,A,siren,C:\Users\hsynt\Desktop\YapayZekaDers\Çevresel_Ses_Analizi\hearalert\processed\audio_clips\siren_0069.wav,True
2-70052-B-42.wav,2,4,siren,False,70052,B,siren,C:\Users\hsynt\Desktop\YapayZekaDers\Çevresel_Ses_Analizi\hearalert\processed\audio_clips\siren_0070.wav,True
2-70936-A-42.wav,2,4,siren,False,70936,A,siren,C:\Users\hsynt\Desktop\YapayZekaDers\Çevresel_Ses_Analizi\hearalert\processed\audio_clips\siren_0071.wav,True
2-70938-A-42.wav,2,4,siren,False,70938,A,siren,C:\Users\hsynt\Desktop\YapayZekaDers\Çevresel_Ses_Analizi\hearalert\processed\audio_clips\siren_0072.wav,True
2-70939-A-42.wav,2,4,siren,False,70939,A,siren,C:\Users\hsynt\Desktop\YapayZekaDers\Çevresel_Ses_Analizi\hearalert\processed\audio_clips\siren_0073.wav,True
2-72688-A-42.wav,2,4,siren,False,72688,A,siren,C:\Users\hsynt\Desktop\YapayZekaDers\Çevresel_Ses_Analizi\hearalert\processed\audio_clips\siren_0074.wav,True
2-78562-A-37.wav,2,0,alarm_clock,False,78562,A,clock_alarm,C:\Users\hsynt\Desktop\YapayZekaDers\Çevresel_Ses_Analizi\hearalert\processed\audio_clips\alarm_clock_0075.wav,True
2-78562-B-37.wav,2,0,alarm_clock,False,78562,B,clock_alarm,C:\Users\hsynt\Desktop\YapayZekaDers\Çevresel_Ses_Analizi\hearalert\processed\audio_clips\alarm_clock_0076.wav,True
2-80482-A-20.wav,2,1,crying_baby,True,80482,A,crying_baby,C:\Users\hsynt\Desktop\YapayZekaDers\Çevresel_Ses_Analizi\hearalert\processed\audio_clips\crying_baby_0077.wav,True
2-89516-A-37.wav,2,0,alarm_clock,False,89516,A,clock_alarm,C:\Users\hsynt\Desktop\YapayZekaDers\Çevresel_Ses_Analizi\hearalert\processed\audio_clips\alarm_clock_0078.wav,True
2-96063-A-37.wav,2,0,alarm_clock,False,96063,A,clock_alarm,C:\Users\hsynt\Desktop\YapayZekaDers\Çevresel_Ses_Analizi\hearalert\processed\audio_clips\alarm_clock_0079.wav,True
3-117793-A-37.wav,3,0,alarm_clock,False,117793,A,clock_alarm,C:\Users\hsynt\Desktop\YapayZekaDers\Çevresel_Ses_Analizi\hearalert\processed\audio_clips\alarm_clock_0080.wav,True
3-117883-A-37.wav,3,0,alarm_clock,False,117883,A,clock_alarm,C:\Users\hsynt\Desktop\YapayZekaDers\Çevresel_Ses_Analizi\hearalert\processed\audio_clips\alarm_clock_0081.wav,True
3-120526-A-37.wav,3,0,alarm_clock,False,120526,A,clock_alarm,C:\Users\hsynt\Desktop\YapayZekaDers\Çevresel_Ses_Analizi\hearalert\processed\audio_clips\alarm_clock_0082.wav,True
3-120526-B-37.wav,3,0,alarm_clock,False,120526,B,clock_alarm,C:\Users\hsynt\Desktop\YapayZekaDers\Çevresel_Ses_Analizi\hearalert\processed\audio_clips\alarm_clock_0083.wav,True
3-131943-A-37.wav,3,0,alarm_clock,False,131943,A,clock_alarm,C:\Users\hsynt\Desktop\YapayZekaDers\Çevresel_Ses_Analizi\hearalert\processed\audio_clips\alarm_clock_0084.wav,True
3-132340-A-37.wav,3,0,alarm_clock,False,132340,A,clock_alarm,C:\Users\hsynt\Desktop\YapayZekaDers\Çevresel_Ses_Analizi\hearalert\processed\audio_clips\alarm_clock_0085.wav,True
3-136288-A-0.wav,3,2,dog_bark,True,136288,A,dog,C:\Users\hsynt\Desktop\YapayZekaDers\Çevresel_Ses_Analizi\hearalert\processed\audio_clips\dog_bark_0086.wav,True
3-139958-A-37.wav,3,0,alarm_clock,False,139958,A,clock_alarm,C:\Users\hsynt\Desktop\YapayZekaDers\Çevresel_Ses_Analizi\hearalert\processed\audio_clips\alarm_clock_0087.wav,True
3-144028-A-0.wav,3,2,dog_bark,True,144028,A,dog,C:\Users\hsynt\Desktop\YapayZekaDers\Çevresel_Ses_Analizi\hearalert\processed\audio_clips\dog_bark_0088.wav,True
3-148297-A-37.wav,3,0,alarm_clock,False,148297,A,clock_alarm,C:\Users\hsynt\Desktop\YapayZekaDers\Çevresel_Ses_Analizi\hearalert\processed\audio_clips\alarm_clock_0089.wav,True
3-151080-A-20.wav,3,1,crying_baby,True,151080,A,crying_baby,C:\Users\hsynt\Desktop\YapayZekaDers\Çevresel_Ses_Analizi\hearalert\processed\audio_clips\crying_baby_0090.wav,True
3-151081-A-20.wav,3,1,crying_baby,True,151081,A,crying_baby,C:\Users\hsynt\Desktop\YapayZekaDers\Çevresel_Ses_Analizi\hearalert\processed\audio_clips\crying_baby_0091.wav,True
3-151081-B-20.wav,3,1,crying_baby,True,151081,B,crying_baby,C:\Users\hsynt\Desktop\YapayZekaDers\Çevresel_Ses_Analizi\hearalert\processed\audio_clips\crying_baby_0092.wav,True
3-152007-A-20.wav,3,1,crying_baby,True,152007,A,crying_baby,C:\Users\hsynt\Desktop\YapayZekaDers\Çevresel_Ses_Analizi\hearalert\processed\audio_clips\crying_baby_0093.wav,True
3-152007-B-20.wav,3,1,crying_baby,True,152007,B,crying_baby,C:\Users\hsynt\Desktop\YapayZekaDers\Çevresel_Ses_Analizi\hearalert\processed\audio_clips\crying_baby_0094.wav,True
3-152007-C-20.wav,3,1,crying_baby,True,152007,C,crying_baby,C:\Users\hsynt\Desktop\YapayZekaDers\Çevresel_Ses_Analizi\hearalert\processed\audio_clips\crying_baby_0095.wav,True
3-152007-D-20.wav,3,1,crying_baby,True,152007,D,crying_baby,C:\Users\hsynt\Desktop\YapayZekaDers\Çevresel_Ses_Analizi\hearalert\processed\audio_clips\crying_baby_0096.wav,True
3-152007-E-20.wav,3,1,crying_baby,True,152007,E,crying_baby,C:\Users\hsynt\Desktop\YapayZekaDers\Çevresel_Ses_Analizi\hearalert\processed\audio_clips\crying_baby_0097.wav,True
3-155312-A-0.wav,3,2,dog_bark,True,155312,A,dog,C:\Users\hsynt\Desktop\YapayZekaDers\Çevresel_Ses_Analizi\hearalert\processed\audio_clips\dog_bark_0098.wav,True
3-157695-A-0.wav,3,2,dog_bark,True,157695,A,dog,C:\Users\hsynt\Desktop\YapayZekaDers\Çevresel_Ses_Analizi\hearalert\processed\audio_clips\dog_bark_0099.wav,True
3-163459-A-0.wav,3,2,dog_bark,True,163459,A,dog,C:\Users\hsynt\Desktop\YapayZekaDers\Çevresel_Ses_Analizi\hearalert\processed\audio_clips\dog_bark_0100.wav,True
3-170015-A-0.wav,3,2,dog_bark,True,170015,A,dog,C:\Users\hsynt\Desktop\YapayZekaDers\Çevresel_Ses_Analizi\hearalert\processed\audio_clips\dog_bark_0101.wav,True
3-180256-A-0.wav,3,2,dog_bark,True,180256,A,dog,C:\Users\hsynt\Desktop\YapayZekaDers\Çevresel_Ses_Analizi\hearalert\processed\audio_clips\dog_bark_0102.wav,True
3-180977-A-0.wav,3,2,dog_bark,True,180977,A,dog,C:\Users\hsynt\Desktop\YapayZekaDers\Çevresel_Ses_Analizi\hearalert\processed\audio_clips\dog_bark_0103.wav,True
3-203371-A-39.wav,3,3,glass_breaking,False,203371,A,glass_breaking,C:\Users\hsynt\Desktop\YapayZekaDers\Çevresel_Ses_Analizi\hearalert\processed\audio_clips\glass_breaking_0104.wav,True
3-203373-A-39.wav,3,3,glass_breaking,False,203373,A,glass_breaking,C:\Users\hsynt\Desktop\YapayZekaDers\Çevresel_Ses_Analizi\hearalert\processed\audio_clips\glass_breaking_0105.wav,True
3-203374-A-39.wav,3,3,glass_breaking,False,203374,A,glass_breaking,C:\Users\hsynt\Desktop\YapayZekaDers\Çevresel_Ses_Analizi\hearalert\processed\audio_clips\glass_breaking_0106.wav,True
3-203375-A-39.wav,3,3,glass_breaking,False,203375,A,glass_breaking,C:\Users\hsynt\Desktop\YapayZekaDers\Çevresel_Ses_Analizi\hearalert\processed\audio_clips\glass_breaking_0107.wav,True
3-203377-A-39.wav,3,3,glass_breaking,False,203377,A,glass_breaking,C:\Users\hsynt\Desktop\YapayZekaDers\Çevresel_Ses_Analizi\hearalert\processed\audio_clips\glass_breaking_0108.wav,True
3-216280-A-39.wav,3,3,glass_breaking,False,216280,A,glass_breaking,C:\Users\hsynt\Desktop\YapayZekaDers\Çevresel_Ses_Analizi\hearalert\processed\audio_clips\glass_breaking_0109.wav,True
3-216281-A-39.wav,3,3,glass_breaking,False,216281,A,glass_breaking,C:\Users\hsynt\Desktop\YapayZekaDers\Çevresel_Ses_Analizi\hearalert\processed\audio_clips\glass_breaking_0110.wav,True
3-216284-A-39.wav,3,3,glass_breaking,False,216284,A,glass_breaking,C:\Users\hsynt\Desktop\YapayZekaDers\Çevresel_Ses_Analizi\hearalert\processed\audio_clips\glass_breaking_0111.wav,True
3-51376-A-42.wav,3,4,siren,False,51376,A,siren,C:\Users\hsynt\Desktop\YapayZekaDers\Çevresel_Ses_Analizi\hearalert\processed\audio_clips\siren_0112.wav,True
3-51731-A-42.wav,3,4,siren,False,51731,A,siren,C:\Users\hsynt\Desktop\YapayZekaDers\Çevresel_Ses_Analizi\hearalert\processed\audio_clips\siren_0113.wav,True
3-51731-B-42.wav,3,4,siren,False,51731,B,siren,C:\Users\hsynt\Desktop\YapayZekaDers\Çevresel_Ses_Analizi\hearalert\processed\audio_clips\siren_0114.wav,True
3-51909-A-42.wav,3,4,siren,False,51909,A,siren,C:\Users\hsynt\Desktop\YapayZekaDers\Çevresel_Ses_Analizi\hearalert\processed\audio_clips\siren_0115.wav,True
3-51909-B-42.wav,3,4,siren,False,51909,B,siren,C:\Users\hsynt\Desktop\YapayZekaDers\Çevresel_Ses_Analizi\hearalert\processed\audio_clips\siren_0116.wav,True
3-58772-A-42.wav,3,4,siren,False,58772,A,siren,C:\Users\hsynt\Desktop\YapayZekaDers\Çevresel_Ses_Analizi\hearalert\processed\audio_clips\siren_0117.wav,True
3-62878-A-42.wav,3,4,siren,False,62878,A,siren,C:\Users\hsynt\Desktop\YapayZekaDers\Çevresel_Ses_Analizi\hearalert\processed\audio_clips\siren_0118.wav,True
3-62878-B-42.wav,3,4,siren,False,62878,B,siren,C:\Users\hsynt\Desktop\YapayZekaDers\Çevresel_Ses_Analizi\hearalert\processed\audio_clips\siren_0119.wav,True
4-102871-A-42.wav,4,4,siren,False,102871,A,siren,C:\Users\hsynt\Desktop\YapayZekaDers\Çevresel_Ses_Analizi\hearalert\processed\audio_clips\siren_0120.wav,True
4-111671-A-42.wav,4,4,siren,False,111671,A,siren,C:\Users\hsynt\Desktop\YapayZekaDers\Çevresel_Ses_Analizi\hearalert\processed\audio_clips\siren_0121.wav,True
4-111671-B-42.wav,4,4,siren,False,111671,B,siren,C:\Users\hsynt\Desktop\YapayZekaDers\Çevresel_Ses_Analizi\hearalert\processed\audio_clips\siren_0122.wav,True
4-121532-A-42.wav,4,4,siren,False,121532,A,siren,C:\Users\hsynt\Desktop\YapayZekaDers\Çevresel_Ses_Analizi\hearalert\processed\audio_clips\siren_0123.wav,True
4-151242-A-37.wav,4,0,alarm_clock,False,151242,A,clock_alarm,C:\Users\hsynt\Desktop\YapayZekaDers\Çevresel_Ses_Analizi\hearalert\processed\audio_clips\alarm_clock_0124.wav,True
4-167077-A-20.wav,4,1,crying_baby,True,167077,A,crying_baby,C:\Users\hsynt\Desktop\YapayZekaDers\Çevresel_Ses_Analizi\hearalert\processed\audio_clips\crying_baby_0125.wav,True
4-167077-B-20.wav,4,1,crying_baby,True,167077,B,crying_baby,C:\Users\hsynt\Desktop\YapayZekaDers\Çevresel_Ses_Analizi\hearalert\processed\audio_clips\crying_baby_0126.wav,True
4-167077-C-20.wav,4,1,crying_baby,True,167077,C,crying_baby,C:\Users\hsynt\Desktop\YapayZekaDers\Çevresel_Ses_Analizi\hearalert\processed\audio_clips\crying_baby_0127.wav,True
4-169508-A-37.wav,4,0,alarm_clock,False,169508,A,clock_alarm,C:\Users\hsynt\Desktop\YapayZekaDers\Çevresel_Ses_Analizi\hearalert\processed\audio_clips\alarm_clock_0128.wav,True
4-172366-A-37.wav,4,0,alarm_clock,False,172366,A,clock_alarm,C:\Users\hsynt\Desktop\YapayZekaDers\Çevresel_Ses_Analizi\hearalert\processed\audio_clips\alarm_clock_0129.wav,True
4-182395-A-0.wav,4,2,dog_bark,True,182395,A,dog,C:\Users\hsynt\Desktop\YapayZekaDers\Çevresel_Ses_Analizi\hearalert\processed\audio_clips\dog_bark_0130.wav,True
4-183992-A-0.wav,4,2,dog_bark,True,183992,A,dog,C:\Users\hsynt\Desktop\YapayZekaDers\Çevresel_Ses_Analizi\hearalert\processed\audio_clips\dog_bark_0131.wav,True
4-184575-A-0.wav,4,2,dog_bark,True,184575,A,dog,C:\Users\hsynt\Desktop\YapayZekaDers\Çevresel_Ses_Analizi\hearalert\processed\audio_clips\dog_bark_0132.wav,True
4-185575-A-20.wav,4,1,crying_baby,True,185575,A,crying_baby,C:\Users\hsynt\Desktop\YapayZekaDers\Çevresel_Ses_Analizi\hearalert\processed\audio_clips\crying_baby_0133.wav,True
4-185575-B-20.wav,4,1,crying_baby,True,185575,B,crying_baby,C:\Users\hsynt\Desktop\YapayZekaDers\Çevresel_Ses_Analizi\hearalert\processed\audio_clips\crying_baby_0134.wav,True
4-185575-C-20.wav,4,1,crying_baby,True,185575,C,crying_baby,C:\Users\hsynt\Desktop\YapayZekaDers\Çevresel_Ses_Analizi\hearalert\processed\audio_clips\crying_baby_0135.wav,True
4-189332-A-37.wav,4,0,alarm_clock,False,189332,A,clock_alarm,C:\Users\hsynt\Desktop\YapayZekaDers\Çevresel_Ses_Analizi\hearalert\processed\audio_clips\alarm_clock_0136.wav,True
4-191687-A-0.wav,4,2,dog_bark,True,191687,A,dog,C:\Users\hsynt\Desktop\YapayZekaDers\Çevresel_Ses_Analizi\hearalert\processed\audio_clips\dog_bark_0137.wav,True
4-192236-A-0.wav,4,2,dog_bark,True,192236,A,dog,C:\Users\hsynt\Desktop\YapayZekaDers\Çevresel_Ses_Analizi\hearalert\processed\audio_clips\dog_bark_0138.wav,True
4-194754-A-0.wav,4,2,dog_bark,True,194754,A,dog,C:\Users\hsynt\Desktop\YapayZekaDers\Çevresel_Ses_Analizi\hearalert\processed\audio_clips\dog_bark_0139.wav,True
4-198841-A-37.wav,4,0,alarm_clock,False,198841,A,clock_alarm,C:\Users\hsynt\Desktop\YapayZekaDers\Çevresel_Ses_Analizi\hearalert\processed\audio_clips\alarm_clock_0140.wav,True
4-199261-A-0.wav,4,2,dog_bark,True,199261,A,dog,C:\Users\hsynt\Desktop\YapayZekaDers\Çevresel_Ses_Analizi\hearalert\processed\audio_clips\dog_bark_0141.wav,True
4-204115-A-39.wav,4,3,glass_breaking,False,204115,A,glass_breaking,C:\Users\hsynt\Desktop\YapayZekaDers\Çevresel_Ses_Analizi\hearalert\processed\audio_clips\glass_breaking_0142.wav,True
4-204119-A-39.wav,4,3,glass_breaking,False,204119,A,glass_breaking,C:\Users\hsynt\Desktop\YapayZekaDers\Çevresel_Ses_Analizi\hearalert\processed\audio_clips\glass_breaking_0143.wav,True
4-204121-A-39.wav,4,3,glass_breaking,False,204121,A,glass_breaking,C:\Users\hsynt\Desktop\YapayZekaDers\Çevresel_Ses_Analizi\hearalert\processed\audio_clips\glass_breaking_0144.wav,True
4-204123-A-39.wav,4,3,glass_breaking,False,204123,A,glass_breaking,C:\Users\hsynt\Desktop\YapayZekaDers\Çevresel_Ses_Analizi\hearalert\processed\audio_clips\glass_breaking_0145.wav,True
4-204684-A-37.wav,4,0,alarm_clock,False,204684,A,clock_alarm,C:\Users\hsynt\Desktop\YapayZekaDers\Çevresel_Ses_Analizi\hearalert\processed\audio_clips\alarm_clock_0146.wav,True
4-204777-A-39.wav,4,3,glass_breaking,False,204777,A,glass_breaking,C:\Users\hsynt\Desktop\YapayZekaDers\Çevresel_Ses_Analizi\hearalert\processed\audio_clips\glass_breaking_0147.wav,True
4-204777-B-39.wav,4,3,glass_breaking,False,204777,B,glass_breaking,C:\Users\hsynt\Desktop\YapayZekaDers\Çevresel_Ses_Analizi\hearalert\processed\audio_clips\glass_breaking_0148.wav,True
4-204777-C-39.wav,4,3,glass_breaking,False,204777,C,glass_breaking,C:\Users\hsynt\Desktop\YapayZekaDers\Çevresel_Ses_Analizi\hearalert\processed\audio_clips\glass_breaking_0149.wav,True
4-207124-A-0.wav,4,2,dog_bark,True,207124,A,dog,C:\Users\hsynt\Desktop\YapayZekaDers\Çevresel_Ses_Analizi\hearalert\processed\audio_clips\dog_bark_0150.wav,True
4-209536-A-37.wav,4,0,alarm_clock,False,209536,A,clock_alarm,C:\Users\hsynt\Desktop\YapayZekaDers\Çevresel_Ses_Analizi\hearalert\processed\audio_clips\alarm_clock_0151.wav,True
4-209698-A-37.wav,4,0,alarm_clock,False,209698,A,clock_alarm,C:\Users\hsynt\Desktop\YapayZekaDers\Çevresel_Ses_Analizi\hearalert\processed\audio_clips\alarm_clock_0152.wav,True
4-212698-A-39.wav,4,3,glass_breaking,False,212698,A,glass_breaking,C:\Users\hsynt\Desktop\YapayZekaDers\Çevresel_Ses_Analizi\hearalert\processed\audio_clips\glass_breaking_0153.wav,True
4-59579-A-20.wav,4,1,crying_baby,True,59579,A,crying_baby,C:\Users\hsynt\Desktop\YapayZekaDers\Çevresel_Ses_Analizi\hearalert\processed\audio_clips\crying_baby_0154.wav,True
4-59579-B-20.wav,4,1,crying_baby,True,59579,B,crying_baby,C:\Users\hsynt\Desktop\YapayZekaDers\Çevresel_Ses_Analizi\hearalert\processed\audio_clips\crying_baby_0155.wav,True
4-67358-A-42.wav,4,4,siren,False,67358,A,siren,C:\Users\hsynt\Desktop\YapayZekaDers\Çevresel_Ses_Analizi\hearalert\processed\audio_clips\siren_0156.wav,True
4-80761-A-42.wav,4,4,siren,False,80761,A,siren,C:\Users\hsynt\Desktop\YapayZekaDers\Çevresel_Ses_Analizi\hearalert\processed\audio_clips\siren_0157.wav,True
4-90014-A-42.wav,4,4,siren,False,90014,A,siren,C:\Users\hsynt\Desktop\YapayZekaDers\Çevresel_Ses_Analizi\hearalert\processed\audio_clips\siren_0158.wav,True
4-90014-B-42.wav,4,4,siren,False,90014,B,siren,C:\Users\hsynt\Desktop\YapayZekaDers\Çevresel_Ses_Analizi\hearalert\processed\audio_clips\siren_0159.wav,True
5-117118-A-42.wav,5,4,siren,False,117118,A,siren,C:\Users\hsynt\Desktop\YapayZekaDers\Çevresel_Ses_Analizi\hearalert\processed\audio_clips\siren_0160.wav,True
5-117120-A-42.wav,5,4,siren,False,117120,A,siren,C:\Users\hsynt\Desktop\YapayZekaDers\Çevresel_Ses_Analizi\hearalert\processed\audio_clips\siren_0161.wav,True
5-117122-A-42.wav,5,4,siren,False,117122,A,siren,C:\Users\hsynt\Desktop\YapayZekaDers\Çevresel_Ses_Analizi\hearalert\processed\audio_clips\siren_0162.wav,True
5-133989-A-42.wav,5,4,siren,False,133989,A,siren,C:\Users\hsynt\Desktop\YapayZekaDers\Çevresel_Ses_Analizi\hearalert\processed\audio_clips\siren_0163.wav,True
5-133989-B-42.wav,5,4,siren,False,133989,B,siren,C:\Users\hsynt\Desktop\YapayZekaDers\Çevresel_Ses_Analizi\hearalert\processed\audio_clips\siren_0164.wav,True
5-150409-A-42.wav,5,4,siren,False,150409,A,siren,C:\Users\hsynt\Desktop\YapayZekaDers\Çevresel_Ses_Analizi\hearalert\processed\audio_clips\siren_0165.wav,True
5-151085-A-20.wav,5,1,crying_baby,True,151085,A,crying_baby,C:\Users\hsynt\Desktop\YapayZekaDers\Çevresel_Ses_Analizi\hearalert\processed\audio_clips\crying_baby_0166.wav,True
5-160551-A-42.wav,5,4,siren,False,160551,A,siren,C:\Users\hsynt\Desktop\YapayZekaDers\Çevresel_Ses_Analizi\hearalert\processed\audio_clips\siren_0167.wav,True
5-184323-A-42.wav,5,4,siren,False,184323,A,siren,C:\Users\hsynt\Desktop\YapayZekaDers\Çevresel_Ses_Analizi\hearalert\processed\audio_clips\siren_0168.wav,True
5-198411-A-20.wav,5,1,crying_baby,True,198411,A,crying_baby,C:\Users\hsynt\Desktop\YapayZekaDers\Çevresel_Ses_Analizi\hearalert\processed\audio_clips\crying_baby_0169.wav,True
5-198411-B-20.wav,5,1,crying_baby,True,198411,B,crying_baby,C:\Users\hsynt\Desktop\YapayZekaDers\Çevresel_Ses_Analizi\hearalert\processed\audio_clips\crying_baby_0170.wav,True
5-198411-C-20.wav,5,1,crying_baby,True,198411,C,crying_baby,C:\Users\hsynt\Desktop\YapayZekaDers\Çevresel_Ses_Analizi\hearalert\processed\audio_clips\crying_baby_0171.wav,True
5-198411-D-20.wav,5,1,crying_baby,True,198411,D,crying_baby,C:\Users\hsynt\Desktop\YapayZekaDers\Çevresel_Ses_Analizi\hearalert\processed\audio_clips\crying_baby_0172.wav,True
5-198411-E-20.wav,5,1,crying_baby,True,198411,E,crying_baby,C:\Users\hsynt\Desktop\YapayZekaDers\Çevresel_Ses_Analizi\hearalert\processed\audio_clips\crying_baby_0173.wav,True
5-198411-F-20.wav,5,1,crying_baby,True,198411,F,crying_baby,C:\Users\hsynt\Desktop\YapayZekaDers\Çevresel_Ses_Analizi\hearalert\processed\audio_clips\crying_baby_0174.wav,True
5-198411-G-20.wav,5,1,crying_baby,True,198411,G,crying_baby,C:\Users\hsynt\Desktop\YapayZekaDers\Çevresel_Ses_Analizi\hearalert\processed\audio_clips\crying_baby_0175.wav,True
5-203128-A-0.wav,5,2,dog_bark,True,203128,A,dog,C:\Users\hsynt\Desktop\YapayZekaDers\Çevresel_Ses_Analizi\hearalert\processed\audio_clips\dog_bark_0176.wav,True
5-203128-B-0.wav,5,2,dog_bark,True,203128,B,dog,C:\Users\hsynt\Desktop\YapayZekaDers\Çevresel_Ses_Analizi\hearalert\processed\audio_clips\dog_bark_0177.wav,True
5-208030-A-0.wav,5,2,dog_bark,True,208030,A,dog,C:\Users\hsynt\Desktop\YapayZekaDers\Çevresel_Ses_Analizi\hearalert\processed\audio_clips\dog_bark_0178.wav,True
5-210612-A-37.wav,5,0,alarm_clock,False,210612,A,clock_alarm,C:\Users\hsynt\Desktop\YapayZekaDers\Çevresel_Ses_Analizi\hearalert\processed\audio_clips\alarm_clock_0179.wav,True
5-211408-A-37.wav,5,0,alarm_clock,False,211408,A,clock_alarm,C:\Users\hsynt\Desktop\YapayZekaDers\Çevresel_Ses_Analizi\hearalert\processed\audio_clips\alarm_clock_0180.wav,True
5-212454-A-0.wav,5,2,dog_bark,True,212454,A,dog,C:\Users\hsynt\Desktop\YapayZekaDers\Çevresel_Ses_Analizi\hearalert\processed\audio_clips\dog_bark_0181.wav,True
5-213855-A-0.wav,5,2,dog_bark,True,213855,A,dog,C:\Users\hsynt\Desktop\YapayZekaDers\Çevresel_Ses_Analizi\hearalert\processed\audio_clips\dog_bark_0182.wav,True
5-217158-A-0.wav,5,2,dog_bark,True,217158,A,dog,C:\Users\hsynt\Desktop\YapayZekaDers\Çevresel_Ses_Analizi\hearalert\processed\audio_clips\dog_bark_0183.wav,True
5-219242-A-37.wav,5,0,alarm_clock,False,219242,A,clock_alarm,C:\Users\hsynt\Desktop\YapayZekaDers\Çevresel_Ses_Analizi\hearalert\processed\audio_clips\alarm_clock_0184.wav,True
5-219242-B-37.wav,5,0,alarm_clock,False,219242,B,clock_alarm,C:\Users\hsynt\Desktop\YapayZekaDers\Çevresel_Ses_Analizi\hearalert\processed\audio_clips\alarm_clock_0185.wav,True
5-221528-A-39.wav,5,3,glass_breaking,False,221528,A,glass_breaking,C:\Users\hsynt\Desktop\YapayZekaDers\Çevresel_Ses_Analizi\hearalert\processed\audio_clips\glass_breaking_0186.wav,True
5-221529-A-39.wav,5,3,glass_breaking,False,221529,A,glass_breaking,C:\Users\hsynt\Desktop\YapayZekaDers\Çevresel_Ses_Analizi\hearalert\processed\audio_clips\glass_breaking_0187.wav,True
5-223176-A-37.wav,5,0,alarm_clock,False,223176,A,clock_alarm,C:\Users\hsynt\Desktop\YapayZekaDers\Çevresel_Ses_Analizi\hearalert\processed\audio_clips\alarm_clock_0188.wav,True
5-231762-A-0.wav,5,2,dog_bark,True,231762,A,dog,C:\Users\hsynt\Desktop\YapayZekaDers\Çevresel_Ses_Analizi\hearalert\processed\audio_clips\dog_bark_0189.wav,True
5-233605-A-39.wav,5,3,glass_breaking,False,233605,A,glass_breaking,C:\Users\hsynt\Desktop\YapayZekaDers\Çevresel_Ses_Analizi\hearalert\processed\audio_clips\glass_breaking_0190.wav,True
5-233607-A-39.wav,5,3,glass_breaking,False,233607,A,glass_breaking,C:\Users\hsynt\Desktop\YapayZekaDers\Çevresel_Ses_Analizi\hearalert\processed\audio_clips\glass_breaking_0191.wav,True
5-233645-A-37.wav,5,0,alarm_clock,False,233645,A,clock_alarm,C:\Users\hsynt\Desktop\YapayZekaDers\Çevresel_Ses_Analizi\hearalert\processed\audio_clips\alarm_clock_0192.wav,True
5-234247-A-37.wav,5,0,alarm_clock,False,234247,A,clock_alarm,C:\Users\hsynt\Desktop\YapayZekaDers\Çevresel_Ses_Analizi\hearalert\processed\audio_clips\alarm_clock_0193.wav,True
5-250629-A-37.wav,5,0,alarm_clock,False,250629,A,clock_alarm,C:\Users\hsynt\Desktop\YapayZekaDers\Çevresel_Ses_Analizi\hearalert\processed\audio_clips\alarm_clock_0194.wav,True
5-257642-A-39.wav,5,3,glass_breaking,False,257642,A,glass_breaking,C:\Users\hsynt\Desktop\YapayZekaDers\Çevresel_Ses_Analizi\hearalert\processed\audio_clips\glass_breaking_0195.wav,True
5-260432-A-39.wav,5,3,glass_breaking,False,260432,A,glass_breaking,C:\Users\hsynt\Desktop\YapayZekaDers\Çevresel_Ses_Analizi\hearalert\processed\audio_clips\glass_breaking_0196.wav,True
5-260433-A-39.wav,5,3,glass_breaking,False,260433,A,glass_breaking,C:\Users\hsynt\Desktop\YapayZekaDers\Çevresel_Ses_Analizi\hearalert\processed\audio_clips\glass_breaking_0197.wav,True
5-260434-A-39.wav,5,3,glass_breaking,False,260434,A,glass_breaking,C:\Users\hsynt\Desktop\YapayZekaDers\Çevresel_Ses_Analizi\hearalert\processed\audio_clips\glass_breaking_0198.wav,True
5-9032-A-0.wav,5,2,dog_bark,True,9032,A,dog,C:\Users\hsynt\Desktop\YapayZekaDers\Çevresel_Ses_Analizi\hearalert\processed\audio_clips\dog_bark_0199.wav,True
